{"count":1,"gauges":{},"self":428.8808704,"total":780.0973634,"children":{"AgentResetIfDone":{"count":38904,"self":0.1173038,"total":0.1173038,"children":null},"AgentSendState":{"count":38904,"self":0.2235202,"total":0.241502,"children":{"CollectObservations":{"count":38904,"self":0.0179818,"total":0.0179818,"children":null}}},"DecideAction":{"count":38904,"self":181.88012799999998,"total":350.51642039999996,"children":{"CameraSensor.WriteToTensor":{"count":38900,"self":168.63628799999998,"total":168.6362933,"children":null}}},"AgentAct":{"count":38904,"self":0.33926649999999997,"total":0.33926649999999997,"children":null}}}